{
  "title": null,
  "version": 1,
  "env": {
    "TERM": "xterm-256color",
    "SHELL": "/bin/bash"
  },
  "duration": 2.868145,
  "command": null,
  "width": 249,
  "stdout": [
    [
      0.009188,
      "\u001b[?1034hbash-3.2$ "
    ],
    [
      1.895072,
      "e"
    ],
    [
      0.191497,
      "x"
    ],
    [
      0.160133,
      "i"
    ],
    [
      0.191992,
      "t"
    ],
    [
      0.415715,
      "\r\n"
    ]
  ],
  "height": 41
}